country,year,life_ladder,log_gdp_per_capita,social_support,life_expec,freedom_to_make_life_choices,generosity,perceptions_of_corruption,positive_affect,negative_affect,confidence_in_national_government,democratic_quality,delivery_quality,standard_deviation_of_ladder_by_country_year,standard_deviation_mean_of_ladder_by_country_year,gini_index_world_bank_estimate,gini_index_world_bank_estimate_average_2000_15,gini_of_household_income_reported_in_gallup_by_wp5_year,continent,country_code,populacao_2020
Afghanistan,2017,2.6617181301116943,7.460143566131592,0.4908800721168518,52.33952713012695,0.4270108640193939,-0.10634034872055054,0.9543925523757935,0.4963485598564148,0.37132617831230164,0.26117852330207825,NA,NA,1.4540507793426514,0.5462827682495117,NA,NA,0.2865988612174988,Asia,4,38928.341
Albania,2017,4.639548301696777,9.37371826171875,0.6376982927322388,69.0516586303711,0.7496110200881958,-0.035140376538038254,0.8761346340179443,0.6692408919334412,0.3338841199874878,0.457737535238266,NA,NA,2.6821048259735107,0.5780960917472839,NA,0.30325,0.41048797965049744,Europe,8,2877.8
Algeria,2017,5.248912334442139,9.540244102478027,0.8067538738250732,65.699188232421875,0.4366704821586609,-0.19467012584209442,0.6997742056846619,0.6419796347618103,0.2887100279331207,NA,NA,NA,2.039764642715454,0.38860711455345154,NA,0.276,0.5275557637214661,Africa,12,43851.043000000005
Argentina,2017,6.039330005645752,9.84351921081543,0.9066991209983826,67.53870391845703,0.8319661617279053,-0.1862999051809311,0.8410524725914001,0.8094226121902466,0.2917172610759735,0.3054302930831909,NA,NA,2.4093289375305176,0.39893975853919983,NA,0.4760666666666667,0.39417579770088196,Americas,32,45195.777
Armenia,2017,4.287736415863037,9.034710884094238,0.6979249119758606,65.12568664550781,0.6136970520019531,-0.13216617703437805,0.8646833300590515,0.6250138282775879,0.4371487498283386,0.2469009906053543,NA,NA,2.325378894805908,0.5423325300216675,NA,0.3250666666666667,0.47887659072875977,Asia,51,2963.2340000000004
Australia,2017,7.25703763961792,10.711827278137207,0.9499578475952148,72.78334045410156,0.9105501770973206,0.30169326066970825,0.41134652495384216,0.7800788879394531,0.22536097466945648,0.45340695977211,NA,NA,1.7456989288330078,0.24055255949497223,NA,0.34275,0.4283409118652344,Oceania,36,25499.881
Austria,2017,7.293727874755859,10.716225624084473,0.9062178134918213,72.359710693359375,0.890030562877655,0.12499673664569855,0.5183038115501404,0.7475687265396118,0.18026871979236603,0.43590793013572693,NA,NA,1.561061978340149,0.214028000831604,NA,0.3038181818181818,0.3229416310787201,Europe,40,9006.400000000001
Azerbaijan,2017,5.152279376983643,9.653929710388184,0.7870393991470337,63.075313568115234,0.7310304641723633,-0.24748066067695618,0.6525390148162842,0.5923592448234558,0.19831866025924683,0.7665834426879883,NA,NA,1.6737568378448486,0.32485753297805786,NA,0.22883333333333333,0.3137432634830475,Asia,31,10139.175
Bahrain,2017,6.227320671081543,10.686713218688965,0.8757471442222595,66.123992919921875,0.9058585166931152,0.12075917422771454,NA,0.8135705590248108,0.2897595167160034,NA,NA,NA,2.2155256271362305,0.3557750880718231,NA,NA,0.4466093182563782,Asia,48,1701.5830000000003
Bangladesh,2017,4.3097710609436035,8.163092613220215,0.7125527858734131,62.504154205322266,0.8962171673774719,0.017536194995045662,0.6350144743919373,0.5688270926475525,0.21350575983524323,0.8766464591026306,NA,NA,1.865365982055664,0.4328225255012512,NA,0.32899999999999996,0.532750129699707,Asia,50,164689.383
Belarus,2017,5.552915096282959,9.719829559326172,0.9002557992935181,66.60596466064453,0.6209792494773865,-0.13058209419250488,0.6541134119033813,0.540905773639679,0.23276807367801666,0.44791629910469055,NA,NA,1.662563681602478,0.29940375685691833,NA,0.28187500000000004,0.28325021266937256,Europe,112,9449.321
Belgium,2017,6.928347587585449,10.65765380859375,0.921639084815979,72.14292907714844,0.8568019866943359,0.045481469482183456,0.5430460572242737,0.7863675951957703,0.23359769582748413,0.4497319161891937,NA,NA,1.510013222694397,0.2179470956325531,NA,0.2851818181818182,0.35437384247779846,Europe,56,11589.615999999998
Benin,2017,4.853180885314941,7.632502555847168,0.4358789920806885,51.79475021362305,0.7268082499504089,-0.040269434452056885,0.7672346234321594,0.6147223114967346,0.4579203426837921,0.6150892972946167,NA,NA,2.99812650680542,0.6177652478218079,NA,0.4326666666666667,0.5770696997642517,Africa,204,12123.198000000004
Bolivia,2017,5.650552749633789,8.832608222961426,0.7786617875099182,60.34379577636719,0.8839049339294434,-0.1159878522157669,0.8192619681358337,0.6981953978538513,0.4339435398578644,0.4276329576969147,NA,NA,2.2504842281341553,0.39827683568000793,NA,0.5316428571428571,0.40588659048080444,Americas,68,11673.029
Bosnia & Herzegovina,2017,5.089902400970459,9.371712684631348,0.7752952575683594,67.9944839477539,0.5637986660003662,0.08958946168422699,0.9233430624008179,0.5973416566848755,0.27074551582336426,0.12637971341609955,NA,NA,2.2810065746307373,0.44814348220825195,NA,0.32725000000000004,0.4862038791179657,Europe,70,3280.8149999999996
Botswana,2017,3.5048811435699463,9.683658599853516,0.7682586312294006,58.013214111328125,0.8173080086708069,-0.25824928283691406,0.7314414978027344,0.6563964486122131,0.27625250816345215,0.7708210945129395,NA,NA,2.6694254875183105,0.7616308331489563,NA,0.626,0.637864351272583,Africa,72,2351.625
Brazil,2017,6.3329291343688965,9.547693252563477,0.9046942591667175,65.4537353515625,0.7647925615310669,-0.18726469576358795,0.7944573760032654,0.7159451246261597,0.30771690607070923,0.1654902696609497,NA,NA,2.530506134033203,0.39957910776138306,NA,0.5502142857142858,0.39262256026268005,Americas,76,212559.409
Bulgaria,2017,5.096901893615723,9.822961807250977,0.9417545795440674,66.41548919677734,0.6890470385551453,-0.16003866493701935,0.9107997417449951,0.6142167448997498,0.18863734602928162,0.32608795166015625,NA,NA,1.8523638248443604,0.36342936754226685,NA,0.35466666666666663,0.343219518661499,Europe,100,6948.445000000001
Burkina Faso,2017,4.646891117095947,7.434531211853027,0.784761369228363,52.39947509765625,0.6137747168540955,-0.05128677934408188,0.7274513244628906,0.5851724743843079,0.3538210690021515,0.5406561493873596,NA,NA,2.19759202003479,0.4729166030883789,NA,0.39466666666666667,0.5531443357467651,Africa,854,20903.278
Cambodia,2017,4.585842132568359,8.202580451965332,0.7650949358940125,58.63087463378906,0.9637746810913086,0.08671936392784119,0.8210229277610779,0.7986166477203369,0.4082838296890259,0.752442479133606,NA,NA,2.732651472091675,0.5958886742591858,NA,NA,0.5456905961036682,Asia,116,16718.971
Cameroon,2017,5.074051380157471,8.128399848937988,0.6945964097976685,50.14022445678711,0.7669450044631958,-0.0310556311160326,0.8435856103897095,0.6323387622833252,0.3774987459182739,0.5787755250930786,NA,NA,2.8152244091033936,0.5548277497291565,NA,0.438,0.5652372241020203,Africa,120,26545.863999999998
Central African Republic,2017,3.4758620262145996,NA,0.31958913803100586,44.64535140991211,0.6452523469924927,NA,0.8895660042762756,0.6138651967048645,0.5993354916572571,0.6502848863601685,NA,NA,2.8070738315582275,0.8075907230377197,NA,0.499,0.7153712511062622,Africa,140,4829.764
Chad,2017,4.558937072753906,7.490785121917725,0.6606155633926392,45.98406219482422,0.6148496866226196,-0.002929057227447629,0.7923899292945862,0.6275031566619873,0.538245439529419,0.4735443890094757,NA,NA,2.880960464477539,0.6319369077682495,NA,0.4155,0.5615192651748657,Africa,148,16425.859
Chile,2017,6.320119380950928,10.037578582763672,0.8798407912254333,69.60894012451172,0.7901164889335632,-0.035265177488327026,0.8359875082969666,0.8384748101234436,0.2910420894622803,0.26828330755233765,NA,NA,2.1624202728271484,0.34214863181114197,NA,0.49157142857142855,0.5746470093727112,Americas,152,19116.208999999995
China,2017,5.099061489105225,9.635466575622559,0.7720332145690918,69.30279541015625,0.877617597579956,-0.19463473558425903,NA,0.8210972547531128,0.2140047550201416,NA,NA,NA,2.2716639041900635,0.4455062747001648,NA,0.42500000000000004,0.6333549618721008,Asia,156,1439323.7739999997
Colombia,2017,6.157341957092285,9.490860939025879,0.9092499613761902,64.13578033447266,0.8375546336174011,-0.16587814688682556,0.8750181198120117,0.8369269967079163,0.2993089556694031,0.22188259661197662,NA,NA,2.5448215007781982,0.41329872608184814,NA,0.5525,0.542027473449707,Americas,170,50882.884
Costa Rica,2017,7.225181579589844,9.670634269714355,0.9216971397399902,69.86730194091797,0.9356184601783752,-0.07826852798461914,0.7423507571220398,0.8743958473205566,0.2754400670528412,0.4074484407901764,NA,NA,2.079983949661255,0.2878798246383667,NA,0.4913125,0.4693082273006439,Americas,188,5094.114
Croatia,2017,5.343165874481201,10.014188766479492,0.7703096866607666,67.01551055908203,0.7158222794532776,-0.10941725224256516,0.8915597200393677,0.655305027961731,0.31648823618888855,0.21100066602230072,NA,NA,1.5708214044570923,0.2939870059490204,NA,0.32333333333333336,0.338284969329834,Europe,191,4105.268
Cyprus,2017,6.062051296234131,10.361367225646973,0.8186710476875305,72.7627944946289,0.8116706609725952,0.03628666698932648,0.8512064218521118,0.784188449382782,0.30051660537719727,0.31265342235565186,NA,NA,2.3695249557495117,0.3908784091472626,NA,0.32490909090909087,0.41013842821121216,Asia,196,1207.3609999999999
Czechia,2017,6.789567947387695,10.39345932006836,0.9009689688682556,71.4510269165039,0.8317855000495911,-0.18459008634090424,0.8665249943733215,0.7387439608573914,0.22664979100227356,0.3438708186149597,NA,NA,1.6971344947814941,0.24996207654476166,NA,0.2647272727272727,0.2829456627368927,Europe,203,10708.982000000004
Denmark,2017,7.59370231628418,10.74898910522461,0.9521000981330872,71.6624984741211,0.9554163217544556,0.14538709819316864,0.18114756047725677,0.8236674070358276,0.20577530562877655,0.5723533034324646,NA,NA,1.6680742502212524,0.21966548264026642,NA,0.2670909090909091,0.63081294298172,Europe,208,5792.203000000001
Dominican Republic,2017,5.605202674865723,9.594573974609375,0.8943681120872498,63.495994567871094,0.8553590178489685,-0.127092182636261,0.7604896426200867,0.7389436364173889,0.27474552392959595,0.4599013328552246,NA,NA,3.2408370971679688,0.5781837701797485,NA,0.48868750000000005,0.4809132218360901,Americas,214,10847.904000000002
Ecuador,2017,5.8395185470581055,9.223260879516602,0.8489417433738708,67.3420639038086,0.8791281580924988,-0.16995546221733093,0.7335887551307678,0.8291419744491577,0.31434348225593567,0.6405128836631775,NA,NA,2.6931753158569336,0.46119818091392517,NA,0.5059285714285714,0.41333431005477905,Americas,218,17643.06
Egypt,2017,3.9293441772460938,9.260223388671875,0.6382263898849487,61.57379150390625,0.5925047993659973,-0.16194474697113037,NA,0.539322555065155,0.4144937992095947,NA,NA,NA,2.289860725402832,0.5827590227127075,NA,0.31220000000000003,0.3808148503303528,Africa,818,102334.40299999999
El Salvador,2017,6.33931827545166,9.001176834106445,0.8289526104927063,64.311370849609375,0.7578273415565491,-0.18029096722602844,0.7777485847473145,0.8488506078720093,0.2684483528137207,0.2702350616455078,NA,NA,2.477155923843384,0.3907606303691864,NA,0.46118750000000003,0.4021952450275421,Americas,222,6486.201
Estonia,2017,5.938395977020264,10.285844802856445,0.9356863498687744,67.28438568115234,0.8617492318153381,-0.10958832502365112,0.6684022545814514,0.805217981338501,0.16016410291194916,0.4059462547302246,NA,NA,1.8518399000167847,0.311841756105423,NA,0.333,0.3965996205806732,Europe,233,1326.5390000000002
Ethiopia,2017,4.1803154945373535,7.439281940460205,0.7335397601127625,56.728267669677734,0.7171012163162231,0.011871224269270897,0.7568989396095276,0.6085147857666016,0.30443617701530457,0.7683542966842651,NA,NA,1.8299158811569214,0.4377458691596985,NA,0.315,0.4202674925327301,Africa,231,114963.58300000001
Finland,2017,7.788251876831055,10.612338066101074,0.9638264179229736,71.69696044921875,0.9621989727020264,-0.012173655442893505,0.19241277873516083,0.7871370911598206,0.17606578767299652,0.5975385904312134,NA,NA,1.416398286819458,0.1818634420633316,NA,0.2759090909090908,0.42561444640159607,Europe,246,5540.718000000001
France,2017,6.635222434997559,10.560773849487305,0.9314945936203003,72.58893585205078,0.8338901400566101,-0.13358496129512787,0.6014860272407532,0.7620977759361267,0.24198393523693085,0.37479352951049805,NA,NA,1.6310644149780273,0.2458191066980362,NA,0.32030000000000003,0.3728552460670471,Europe,250,65273.511999999995
Gabon,2017,4.782382965087891,9.715631484985352,0.8069411516189575,57.12616729736328,0.6523595452308655,-0.250832200050354,0.868305504322052,0.6340471506118774,0.44612428545951843,0.2869892418384552,NA,NA,2.4571311473846436,0.5137880444526672,NA,0.42200000000000004,0.5892301797866821,Africa,266,2225.728
Georgia,2017,4.450774669647217,9.169097900390625,0.5904951691627502,64.34745025634766,0.820908784866333,-0.23142260313034058,0.589631974697113,0.5811277031898499,0.20963960886001587,0.2963962256908417,NA,NA,1.7750799655914307,0.3988249599933624,NA,0.40343750000000006,0.45427650213241577,Asia,268,3989.175
Germany,2017,7.074324607849121,10.711183547973633,0.8921660780906677,71.0791015625,0.8407278656959534,0.13530753552913666,0.41402119398117065,0.7365657091140747,0.19643481075763702,0.6229356527328491,NA,NA,1.441730260848999,0.2037975788116455,NA,0.31157142857142855,0.3195973336696625,Europe,276,83783.945
Ghana,2017,5.481310844421387,8.326971054077148,0.6691110730171204,54.86589050292969,0.7830463647842407,0.0849904790520668,0.8386099934577942,0.702511727809906,0.24751894176006317,0.6702885627746582,NA,NA,2.551119565963745,0.4654214382171631,NA,0.42500000000000004,0.5012015104293823,Africa,288,31072.945
Greece,2017,5.1482415199279785,10.117517471313477,0.7528995275497437,71.78034210205078,0.4383000135421753,-0.2967349886894226,0.8722394704818726,0.6029390096664429,0.3328307569026947,0.13988089561462402,NA,NA,2.4116311073303223,0.4684378206729889,NA,0.34690909090909094,0.34670594334602356,Europe,300,10423.056
Guatemala,2017,6.325118541717529,8.91890811920166,0.8264920711517334,63.38197708129883,0.9145216941833496,-0.06172860041260719,0.799747884273529,0.845865786075592,0.3080861568450928,0.45862385630607605,NA,NA,2.8589460849761963,0.4519988000392914,NA,0.52675,0.49531856179237366,Americas,320,17915.566999999995
Guinea,2017,4.873722553253174,7.527477264404297,0.63402557373046875,51.151817321777344,0.7382128238677979,0.05430758371949196,0.7500262260437012,0.7044771313667297,0.4224608838558197,0.6399807929992676,NA,NA,2.969935417175293,0.6093772053718567,NA,0.387,0.6183533072471619,Africa,324,13132.791999999998
Haiti,2017,3.8238656520843506,7.403176307678223,0.6469849944114685,53.347007751464844,0.48442915081977844,0.3845103085041046,0.64719158411026,0.5733667016029358,0.3216927647590637,0.4350769519805908,NA,NA,2.156944990158081,0.5640744566917419,NA,0.409,0.5744730234146118,Americas,332,11402.533000000003
Honduras,2017,6.019985675811768,8.404379844665527,0.8433549404144287,63.75267028808594,0.8983774185180664,0.08007407188415527,0.7834294438362122,0.8422009348869324,0.24838334321975708,0.49558502435684204,NA,NA,2.9635860919952393,0.4922912120819092,NA,0.5556,0.5615590214729309,Americas,340,9904.608
Hong Kong SAR China,2017,5.3624749183654785,10.917166709899902,0.8310663104057312,76.53636169433594,0.8306572437286377,0.12293470650911331,0.4158101975917816,0.6395334601402283,0.20059341192245483,0.5450407266616821,NA,NA,1.7845594882965088,0.33278653025627136,NA,NA,0.4712783992290497,Asia,344,7496.987999999999
Hungary,2017,6.065038681030273,10.193238258361816,0.8767475485801697,67.19336700439453,0.6611659526824951,-0.15079303085803986,0.886361300945282,0.7351842522621155,0.180921271443367,0.3777705132961273,NA,NA,1.7924091815948486,0.29553136229515076,NA,0.29681818181818187,0.3307532072067261,Europe,348,9660.349999999999
Iceland,2017,7.4762139320373535,10.760409355163574,0.966752827167511,72.7559814453125,0.9387832880020142,0.2354787141084671,0.726845383644104,0.8952545523643494,0.14816001057624817,0.36504194140434265,NA,NA,1.6300908327102661,0.218036949634552,NA,0.28009090909090906,0.3324379026889801,Europe,352,341.25
India,2017,4.046111106872559,8.76845645904541,0.606767475605011,59.502628326416016,0.8858504295349121,-0.05450280010700226,0.7808027863502502,0.6820909976959229,0.3179367780685425,0.8392783999443054,NA,NA,1.6598275899887085,0.41022789478302,NA,0.35200000000000004,0.3801121711730957,Asia,356,1380004.385
Indonesia,2017,5.0984015464782715,9.32216739654541,0.7955892086029053,60.584415435791016,0.8650262951850891,0.47297385334968567,0.9004164338111877,0.8625841736793518,0.31917157769203186,0.8257653713226318,NA,NA,2.325179100036621,0.45606040954589844,NA,0.395,0.4497082531452179,Asia,360,273523.62100000004
Iran,2017,4.716783046722412,9.853448867797852,0.7142329216003418,65.96455383300781,0.7306351661682129,0.1827351152896881,0.7149413228034973,0.6936660408973694,0.4385339021682739,NA,NA,NA,2.4971790313720703,0.5294241905212402,NA,0.41319999999999996,0.852039635181427,Asia,364,83992.953
Iraq,2017,4.462399005889893,9.622719764709473,0.6951093673706055,61.04584503173828,0.6277220249176025,-0.038429033011198044,0.7571088075637817,0.5052885413169861,0.590538740158081,0.42405077815055847,NA,NA,2.899484872817993,0.6497592329978943,NA,0.2905,0.5503681302070618,Asia,368,40222.503000000004
Ireland,2017,7.060155391693115,11.066487312316895,0.943481981754303,71.70978546142578,0.9053411483764648,0.20680174231529236,0.33708474040031433,0.8333889245986938,0.21278412640094757,0.6037996411323547,NA,NA,1.7613344192504883,0.24947530031204224,NA,0.3255454545454545,0.3674541711807251,Europe,372,4937.796
Israel,2017,7.33103609085083,10.406131744384766,0.9164408445358276,71.865081787109375,0.7680763006210327,0.13715851306915283,0.7926522493362427,0.6735913157463074,0.27644315361976624,0.3893681466579437,NA,NA,1.5226829051971436,0.20770364999771118,NA,0.41100000000000003,0.24560123682022095,Asia,376,8655.541
Italy,2017,6.1988701820373535,10.472474098205566,0.9197912216186523,74.134796142578125,0.6328432559967041,-0.043380703777074814,0.8666679263114929,0.6611807346343994,0.3228461444377899,0.2301962971687317,NA,NA,1.9272465705871582,0.310902863740921,NA,0.3412727272727273,0.34670838713645935,Europe,380,60461.827999999994
Jamaica,2017,5.889759063720703,9.025864601135254,0.9130298495292664,65.81879425048828,0.8606763482093811,-0.1308327317237854,0.8827961683273315,0.7692821621894836,0.24339963495731354,0.3482017517089844,NA,NA,2.3993377685546875,0.4073745310306549,NA,0.469,0.5645352602005005,Americas,388,2961.161
Japan,2017,5.9106764793396,10.568168640136719,0.8819612860679626,75.317291259765625,0.8493965864181519,-0.22329679131507874,0.6591986417770386,0.7403876185417175,0.1755121797323227,0.41248995065689087,NA,NA,1.9502569437026978,0.32995495200157166,NA,0.321,0.42615368962287903,Asia,392,126476.45799999998
Jordan,2017,4.808082580566406,9.025333404541016,0.8146645426750183,64.417877197265625,0.7662624716758728,-0.15152287483215332,NA,0.6277983784675598,0.3915051817893982,NA,NA,NA,2.523892402648926,0.524927020072937,NA,0.34299999999999997,0.36360621452331543,Asia,400,10203.140000000001
Kazakhstan,2017,5.882351398468018,10.071870803833008,0.9140931963920593,64.19999694824219,0.7452439665794373,-0.04917849227786064,0.7552506923675537,0.7567622065544128,0.17148640751838684,0.7557057738304138,NA,NA,1.7453237771987915,0.29670512676239014,NA,0.29506666666666664,0.33724287152290344,Asia,398,18776.707000000002
Kenya,2017,4.475654125213623,8.010254859924316,0.7146043181419373,58.68983840942383,0.8533943891525269,0.250179260969162,0.8540003895759583,0.7884522080421448,0.2302103042602539,0.6378625631332397,NA,NA,2.5323634147644043,0.5658085346221924,NA,0.485,0.5213319659233093,Africa,404,53771.299999999996
Kuwait,2017,6.093905448913574,11.11179256439209,0.8534913063049316,65.37895965576172,0.8841816186904907,-0.048504289239645004,NA,0.6920719146728516,0.30732080340385437,NA,NA,NA,2.355753183364868,0.38657528162002563,NA,NA,0.5918614268302917,Asia,414,4270.562999999999
Kyrgyzstan,2017,5.6295366287231445,8.112040519714355,0.882586658000946,62.8996467590332,0.8593897819519043,0.1666673719882965,0.8744944930076599,0.7551252245903015,0.16043831408023834,0.5616727471351624,NA,NA,1.9013910293579102,0.33775267004966736,NA,0.306375,0.38215088844299316,Asia,417,6524.191000000001
Laos,2017,4.623140811920166,8.70856761932373,0.7073357701301575,57.86957550048828,0.8910007476806641,0.07648259401321411,0.5916168093681335,0.8727917671203613,0.3442258834838867,0.8399350047111511,NA,NA,1.8819738626480103,0.407076895236969,NA,0.34800000000000003,0.5850870013237,Asia,418,7275.556
Latvia,2017,5.977817535400391,10.13303279876709,0.8950987458229065,65.10926055908203,0.6995201110839844,-0.1638314425945282,0.7983781099319458,0.623312771320343,0.23175311088562012,0.2640005052089691,NA,NA,1.814803123474121,0.3035895824432373,NA,0.36200000000000004,0.3621852397918701,Europe,428,1886.2020000000002
Lebanon,2017,5.153989791870117,9.491579055786133,0.7765830159187317,68.8638916015625,0.6045541763305664,-0.07502814382314682,0.9107272624969482,0.5154439210891724,0.24354921281337738,0.21771809458732605,NA,NA,1.9297676086425781,0.3744220733642578,NA,0.318,0.32664400339126587,Asia,422,6825.442000000001
Liberia,2017,4.424490928649902,6.629414081573486,0.6848668456077576,52.78684997558594,0.7333899140357971,0.0405767597258091,0.8668063879013062,0.667946457862854,0.3913305401802063,0.5549915432929993,NA,NA,3.393739938735962,0.7670351266860962,NA,0.34850000000000003,0.5908498764038086,Africa,430,5057.677
Libya,2017,5.646852493286133,NA,0.8227587938308716,61.48470687866211,0.7786958813667297,NA,0.6730655431747437,0.6970493197441101,0.3793741762638092,NA,NA,NA,2.5077879428863525,0.4441036880016327,NA,NA,0.5860693454742432,Africa,434,6871.287
Lithuania,2017,6.272940635681152,10.282657623291016,0.9263166189193726,67.04169464111328,0.7493073344230652,-0.1822766214609146,NA,0.6076131463050842,0.19511882960796356,0.32124727964401245,NA,NA,2.175804376602173,0.3468555808067322,NA,0.35309090909090907,0.4285041391849518,Europe,440,2722.291
Luxembourg,2017,7.061380863189697,11.465230941772461,0.9054355025291443,72.20130920410156,0.9028217196464539,0.02977144531905651,0.3301735818386078,0.765816867351532,0.18446700274944305,0.7389220595359802,NA,NA,1.424475908279419,0.20172767341136932,NA,0.3153636363636363,0.2923496961593628,Europe,442,625.9760000000001
Madagascar,2017,4.078620433807373,7.249253273010254,0.6263319849967957,56.994483947753906,0.5703479051589966,-0.025507912039756775,0.8472607731819153,0.7516980767250061,0.3748380243778229,0.5419161319732666,NA,NA,2.3289148807525635,0.5710055232048035,NA,0.431,0.5783165097236633,Africa,450,27691.019
Malawi,2017,3.416862964630127,7.0027031898498535,0.5554227232933044,54.234642028808594,0.8479207754135132,0.021560057997703552,0.7346366047859192,0.6086665391921997,0.31208834052085876,0.6203325390815735,NA,NA,2.7602932453155518,0.8078442811965942,NA,0.43,0.5740559697151184,Africa,454,19129.955
Mali,2017,4.74185037612915,7.6085591316223145,0.7413594126701355,49.1786994934082,0.7532133460044861,-0.06454728543758392,0.8626551628112793,0.7418357729911804,0.39278414845466614,0.5048201084136963,NA,NA,2.5116679668426514,0.5296809673309326,NA,0.3726666666666667,0.5490265488624573,Africa,466,20250.834
Malta,2017,6.675665855407715,10.502699851989746,0.9373317956924438,71.82951354980469,0.9236429333686829,0.2417624592781067,0.6904945373535156,0.7207533717155457,0.30244311690330505,0.7520051598548889,NA,NA,1.994550347328186,0.2987792491912842,NA,NA,0.41963762044906616,Europe,470,441.53899999999993
Mauritania,2017,4.678159713745117,8.187707901000977,0.77922523021698,53.3353385925293,0.5274468064308167,-0.134765625,0.7773140668869019,0.6371070742607117,0.2723219394683838,0.29210972785949707,NA,NA,2.130549907684326,0.45542478561401367,NA,0.36825,0.43392831087112427,Africa,478,4649.66
Mauritius,2017,6.174117565155029,9.914654731750488,0.9101422429084778,65.58915710449219,0.9123075008392334,0.07392941415309906,0.8181799054145813,0.7477601766586304,0.16872118413448334,0.6146707534790039,NA,NA,2.247790575027466,0.3640666902065277,NA,0.35750000000000004,0.4156268239021301,Africa,480,1271.7669999999998
Mexico,2017,6.410299301147461,9.741969108581543,0.7998393774032593,68.09822845458984,0.8614051342010498,-0.20663921535015106,0.8008930683135986,0.8426423072814941,0.23099088668823242,0.2569531500339508,NA,NA,2.2362072467803955,0.3488459885120392,NA,0.48475,0.43877112865448,Americas,484,128932.753
Moldova,2017,5.325530529022217,8.545788764953613,0.8307679295539856,63.70124435424805,0.5528252124786377,-0.0031788721680641174,0.9263337850570679,0.5814887881278992,0.25947779417037964,0.132729634642601,NA,NA,1.885169267654419,0.3539871275424957,NA,0.3299374999999999,0.433169960975647,Europe,498,4033.9629999999997
Mongolia,2017,5.333850383758545,9.318548202514648,0.9242507815361023,62.3126106262207,0.674627423286438,0.10645134747028351,0.8649522066116333,0.6751652956008911,0.21359951794147491,0.2750583589076996,NA,NA,2.0951616764068604,0.39280474185943604,NA,0.33583333333333326,0.3893515169620514,Asia,496,3278.2919999999995
Montenegro,2017,5.614798545837402,9.694497108459473,0.881199836730957,67.1421890258789,0.6259062886238098,-0.08489078283309937,0.7556800246238708,0.519128143787384,0.34978508949279785,0.35154989361763,NA,NA,2.2075119018554688,0.3931595981121063,NA,0.3093,0.3524385094642639,Europe,499,628.0619999999999
Morocco,2017,5.312482833862305,8.915043830871582,0.6411930918693542,65.33885955810547,0.8142580389976501,-0.22791938483715057,0.8405024409294128,0.5592882037162781,0.3227159082889557,NA,NA,NA,2.287168264389038,0.4305271804332733,NA,0.40650000000000003,0.5279669165611267,Africa,504,36910.55799999999
Mozambique,2017,4.279863357543945,7.046577453613281,0.6784636974334717,49.95774459838867,0.8226705193519592,-0.021502597257494926,0.6821089386940002,0.6483814120292664,0.3531765043735504,0.7592343688011169,NA,NA,2.9850199222564697,0.6974568367004395,NA,0.46299999999999997,0.6088453531265259,Africa,508,31255.434999999998
Namibia,2017,4.441306114196777,9.203362464904785,0.8283390402793884,55.495426177978516,0.8104018568992615,-0.20176585018634796,0.8313028812408447,0.7206782102584839,0.2772521674633026,0.7458536028862,NA,NA,2.7397732734680176,0.6168845891952515,NA,0.6214999999999999,0.6027359366416931,Africa,516,2540.916
Nepal,2017,4.736692428588867,7.801309108734131,0.8163833022117615,61.26595687866211,0.8451476097106934,0.14651113748550415,0.7701771259307861,0.5705770254135132,0.37597793340682983,0.559578537940979,NA,NA,2.4684536457061768,0.5211344361305237,NA,0.38299999999999995,0.4637466371059418,Asia,524,29136.807999999997
Netherlands,2017,7.458965301513672,10.791813850402832,0.9365013241767883,71.6199951171875,0.9203197360038757,0.23744046688079834,0.36313363909721375,0.8521848917007446,0.18451984226703644,0.6695536375045776,NA,NA,1.3184798955917358,0.17676444351673126,NA,0.2869090909090909,0.4419354796409607,Europe,528,17134.873
New Zealand,2017,7.327182769775391,10.475762367248535,0.9549206495285034,71.61430358886719,0.9422794580459595,0.2850567102432251,0.2218874841928482,0.8174312710762024,0.171716570854187,0.6090154647827148,NA,NA,1.6503357887268066,0.22523470222949982,NA,NA,0.446442186832428,Oceania,554,4822.232999999999
Nicaragua,2017,6.476356506347656,8.575318336486816,0.8380436897277832,66.25178527832031,0.9221627712249756,0.010326704941689968,0.6729633212089539,0.8497641682624817,0.3084478974342346,0.5904251933097839,NA,NA,2.6572532653808594,0.4103006422519684,NA,0.48275,0.4428130090236664,Americas,558,6624.553999999999
Niger,2017,4.615673542022705,6.831231594085693,0.5821095705032349,51.32594299316406,0.6835575699806213,-0.012236271053552628,0.7776600122451782,0.7311614155769348,0.4265223741531372,0.6011172533035278,NA,NA,2.780397891998291,0.6023818254470825,NA,0.368,0.6592968702316284,Africa,562,24206.636
Nigeria,2017,5.321928024291992,8.585620880126953,0.7334685325622559,45.8731575012207,0.8259055614471436,0.11330148577690125,0.8348919749259949,0.7249905467033386,0.23596876859664917,0.5587907433509827,NA,NA,2.9479031562805176,0.5539163947105408,NA,0.4155,0.46859923005104065,Africa,566,206139.587
Norway,2017,7.578744888305664,11.081789016723633,0.9501276612281799,71.08658599853516,0.9530168175697327,0.21010403335094452,0.24971137940883636,0.8490999937057495,0.2029138058423996,0.7171597480773926,NA,NA,1.6217260360717773,0.2139834612607956,NA,0.2717272727272727,0.3281131386756897,Europe,578,5421.241999999999
Pakistan,2017,5.830870628356934,8.519006729125977,0.690263569355011,57.46299743652344,0.71265709400177,0.030328111723065376,0.71392822265625,0.5861669778823853,0.3083410859107971,0.557435154914856,NA,NA,1.778067946434021,0.3049403727054596,NA,0.3125714285714286,0.4116450548171997,Asia,586,220892.331
Palestinian Territories,2017,4.6281328201293945,NA,0.8243451118469238,63.0724983215332,0.6316112875938416,NA,0.8306463360786438,0.5967655777931213,0.4160720407962799,0.41440093517303467,NA,NA,2.521674156188965,0.5448578000068665,NA,NA,0.4788648188114166,Asia,275,5101.415999999999
Panama,2017,6.5676589012146,10.002714157104492,0.9119048118591309,68.04541015625,0.8995735049247742,-0.16408047080039978,0.8407770991325378,0.8326888084411621,0.24231933057308197,0.3909960985183716,NA,NA,2.67718768119812,0.4076319634914398,NA,0.53675,0.4743426740169525,Americas,591,4314.768
Peru,2017,5.710936546325684,9.413349151611328,0.8301233649253845,65.40724182128906,0.826552152633667,-0.16674742102622986,0.8953841328620911,0.7893908619880676,0.3938737213611603,0.2545953392982483,NA,NA,2.5943140983581543,0.45427122712135315,NA,0.48918749999999994,0.4794696271419525,Americas,604,32971.846000000005
Philippines,2017,5.5942702293396,8.93896770477295,0.851028561592102,60.25149154663086,0.9257031083106995,-0.14785166084766388,0.7111655473709106,0.7689814567565918,0.3406215012073517,0.8377300500869751,NA,NA,2.5971851348876953,0.464258074760437,NA,0.41883333333333334,0.5033991932868958,Asia,608,109581.08499999999
Poland,2017,6.201268196105957,10.211139678955078,0.8818541169166565,69.0968017578125,0.8308426141738892,-0.13313400745391846,NA,0.6774355173110962,0.2033877968788147,0.5024804472923279,NA,NA,1.6274428367614746,0.262437105178833,NA,0.3347333333333333,0.26008787751197815,Europe,616,37846.604999999996
Portugal,2017,5.711499214172363,10.236708641052246,0.8999848365783691,72.15874481201172,0.905065655708313,-0.18259839713573456,0.8809705376625061,0.649151086807251,0.2942725718021393,0.5010881423950195,NA,NA,2.2050867080688477,0.38607844710350037,NA,0.36700000000000005,0.4455280900001526,Europe,620,10196.706999999999
Romania,2017,6.08990478515625,10.028891563415527,0.8112401366233826,66.857086181640625,0.838586688041687,-0.1644207388162613,0.9256580471992493,0.7337303757667542,0.2308361977338791,0.2983413338661194,NA,NA,2.1412980556488037,0.351614385843277,NA,0.2909285714285715,0.412117600440979,Europe,642,19237.682
Russia,2017,5.578742980957031,10.103683471679688,0.8961513042449951,62.978782653808594,0.730874240398407,-0.15856778621673584,0.8615902066230774,0.7102302312850952,0.19456052780151367,0.5565972328186035,NA,NA,2.1246886253356934,0.38085436820983887,NA,0.39924999999999994,0.3776797354221344,Europe,643,145934.45999999996
Saudi Arabia,2017,6.29428243637085,10.81198787689209,0.8400862812995911,64.083740234375,0.8141421675682068,-0.1569054126739502,NA,0.7748757004737854,0.3058418929576874,NA,NA,NA,2.508923053741455,0.39860349893569946,NA,NA,0.4518894851207733,Asia,682,34813.867
Senegal,2017,4.683024883270264,7.811985492706299,0.7437593340873718,57.98087692260742,0.6869370341300964,-0.029066098853945732,0.8252418637275696,0.7457320690155029,0.29083606600761414,0.6107227802276611,NA,NA,2.0076375007629395,0.42870527505874634,NA,0.4023333333333334,0.43669450283050537,Africa,686,16743.93
Serbia,2017,5.122031211853027,9.561537742614746,0.8837704062461853,65.68487548828125,0.6848463416099548,-0.0814155861735344,0.8514578342437744,0.5097212195396423,0.3264070749282837,0.5111979842185974,NA,NA,2.3945095539093018,0.4674921929836273,NA,0.30589999999999995,0.3661297559738159,Europe,688,8737.369999999999
Sierra Leone,2017,4.08956241607666,7.253018379211426,0.6522871255874634,44.38652801513672,0.7106135487556458,0.08922567963600159,0.8483983278274536,0.6003682017326355,0.49504002928733826,0.7375169396400452,NA,NA,2.595259189605713,0.6346055865287781,NA,0.371,0.5835860967636108,Africa,694,7976.984999999999
Singapore,2017,6.3784379959106445,11.317049980163574,0.8973498940467834,75.8124008178711,0.9261278510093689,0.12041155248880386,0.16179068386554718,0.8001143932342529,0.17932455241680145,0.9269979596138,NA,NA,1.41807222366333,0.22232280671596527,NA,NA,0.5649095773696899,Asia,702,5850.342999999999
Slovakia,2017,6.365509033203125,10.313941955566406,0.9133866429328918,68.77391052246094,0.7142246961593628,-0.07207684218883514,0.9204226732254028,0.7880204319953918,0.21272248029708862,0.3416800796985626,NA,NA,1.89752197265625,0.2980943024158478,NA,0.2674545454545455,0.2925880551338196,Europe,703,5459.643
Slovenia,2017,6.166837692260742,10.353516578674316,0.9281878471374512,70.94329071044922,0.9208626747131348,-0.0334751158952713,0.8287947177886963,0.6151096820831299,0.2856014370918274,0.23977972567081451,NA,NA,1.9823006391525269,0.3214452564716339,NA,0.2490909090909091,0.35924413800239563,Europe,705,2078.9320000000007
South Africa,2017,4.513655185699463,9.405202865600586,0.870313286781311,55.22930908203125,0.7874279022216797,-0.13925622403621674,0.86478191614151,0.7848007082939148,0.26817524433135986,0.4232742190361023,NA,NA,2.419569492340088,0.5360554456710815,NA,0.6224999999999999,0.5650374889373779,Africa,710,59308.69
South Korea,2017,5.873887062072754,10.489734649658203,0.8069299459457397,74.04169464111328,0.5381137132644653,0.0033545938786119223,0.8506904244422913,0.6233775615692139,0.23482562601566315,0.35858219861984253,NA,NA,2.0757296085357666,0.3533826172351837,NA,0.319,0.39361223578453064,Asia,410,51269.18299999999
South Sudan,2017,2.816622495651245,NA,0.556822657585144,50.020172119140625,0.4560110867023468,NA,0.7612696290016174,0.5856021642684937,0.5173637866973877,0.4615505039691925,NA,NA,2.73683762550354,0.9716735482215881,NA,0.46299999999999997,0.7030075788497925,Africa,728,11193.729
Spain,2017,6.230173110961914,10.445222854614258,0.9031581878662109,74.49821472167969,0.7555607557296753,-0.04215625301003456,0.7912687659263611,0.6250556111335754,0.30238765478134155,0.2695859670639038,NA,NA,1.8057217597961426,0.2898349165916443,NA,0.3445454545454546,0.3789495527744293,Europe,724,46754.78300000001
Sri Lanka,2017,4.3309454917907715,9.377954483032227,0.8227705955505371,65.29253387451172,0.8270773887634277,0.08457723259925842,0.8442100286483765,0.7949516177177429,0.26972752809524536,0.5175899267196655,NA,NA,2.2303760051727295,0.5149859189987183,NA,0.39225,0.4272969663143158,Asia,144,21413.25
Sweden,2017,7.286804676055908,10.770405769348145,0.9140167832374573,73.00654602050781,0.9345821142196655,0.1554868370294571,0.23936691880226135,0.8135477900505066,0.17506682872772217,0.5594619512557983,NA,NA,1.777176856994629,0.2438897341489792,NA,0.26745454545454544,0.34685611724853516,Europe,752,10099.270000000002
Switzerland,2017,7.473593235015869,10.955548286437988,0.949661374092102,73.17375946044922,0.9249969124794006,0.16787466406822205,0.316183477640152,0.7739970684051514,0.1958714872598648,0.8197067379951477,NA,NA,1.544615626335144,0.2066764384508133,NA,0.3275714285714285,0.2958177924156189,Europe,756,8654.618
Taiwan,2017,6.359450817108154,NA,0.891119122505188,71.20999908447266,0.7596547603607178,NA,0.7427800893783569,0.8372772932052612,0.1141231581568718,0.3228223919868469,NA,NA,1.8696022033691406,0.2939879894256592,NA,NA,0.3816719651222229,Asia,158,23816.775
Tajikistan,2017,5.8292341232299805,7.956589698791504,0.6626933217048645,62.971248626708984,0.8320024609565735,0.12493618577718735,0.7183368802070618,0.6026676893234253,0.27772533893585205,0.9297930598258972,NA,NA,2.212850570678711,0.3796125650405884,NA,0.31875,0.3679543137550354,Asia,762,9537.642
Tanzania,2017,3.347121238708496,7.896313667297363,0.7050102949142456,56.66548538208008,0.8004955053329468,0.10659890621900558,0.6536060571670532,0.714645504951477,0.2553356885910034,0.9133390188217163,NA,NA,2.6836674213409424,0.8017837405204773,NA,0.38466666666666666,0.5493752360343933,Africa,834,59734.213
Thailand,2017,5.938895225524902,9.688437461853027,0.8772687315940857,66.418792724609375,0.9228968024253845,0.2024523913860321,0.8838167786598206,0.8163217902183533,0.23159761726856232,0.6050788164138794,NA,NA,2.243722438812256,0.3778013288974762,NA,0.4026363636363637,0.5133577585220337,Asia,764,69799.978
Togo,2017,4.360805034637451,7.251669883728027,0.5078052282333374,52.25727462768555,0.7166944146156311,-0.03770448639988899,0.725519597530365,0.6141889691352844,0.42582425475120544,0.4849523603916168,NA,NA,2.49483060836792,0.5721032023429871,NA,0.43733333333333335,0.552189290523529,Africa,768,8278.737000000001
Tunisia,2017,4.124342918395996,9.294288635253906,0.7173815965652466,65.88056182861328,0.4779566526412964,-0.2335311621427536,0.8688267469406128,0.4209618866443634,0.37719684839248657,0.2508273124694824,NA,NA,2.214817523956299,0.5370110273361206,NA,0.38099999999999995,0.41451433300971985,Africa,788,11818.618000000002
Turkey,2017,5.607262134552002,10.119373321533203,0.8764678239822388,65.79473114013672,0.6444342136383057,-0.2469271570444107,0.6709105372428894,0.44980090856552124,0.3128461241722107,0.5861612558364868,NA,NA,1.6263285875320435,0.29003968834877014,NA,0.4030769230769231,0.32689762115478516,Asia,792,84339.06699999998
Turkmenistan,2017,5.229148864746094,9.702640533447266,0.90845489501953125,60.39269256591797,0.7203992009162903,0.040337540209293365,NA,0.5208851099014282,0.34962767362594604,NA,NA,NA,1.4321781396865845,0.2738836109638214,NA,NA,0.2657766342163086,Asia,795,6031.187000000002
Uganda,2017,4.000516891479492,7.442951202392578,0.7399561405181885,51.76347732543945,0.7723441123962402,0.07171998172998428,0.8157700300216675,0.7033756375312805,0.40002572536468506,0.6551091074943542,NA,NA,2.673379421234131,0.6682584881782532,NA,0.43324999999999997,0.6406369805335999,Africa,800,45741
Ukraine,2017,4.3110671043396,8.967859268188477,0.8583248853683472,63.1733512878418,0.5988755226135254,0.01612500660121441,0.9367640018463135,0.5971121788024902,0.23476383090019226,0.11093652993440628,NA,NA,2.2553834915161133,0.5231612920761108,NA,0.26599999999999996,0.4211459457874298,Europe,804,43733.759
United Arab Emirates,2017,7.039419651031494,11.121808052062988,0.8355273604393005,68.58155059814453,0.9620166420936584,0.19111312925815582,NA,0.7950348854064941,0.20759844779968262,NA,NA,NA,2.030040740966797,0.2883818447589874,NA,NA,0.6006837487220764,Asia,784,9890.4
United Kingdom,2017,7.103273391723633,10.584575653076172,0.9374952912330627,72.0561294555664,0.8127332925796509,0.2810460031032562,0.4186113476753235,0.7585718035697937,0.2095724195241928,0.4401208460330963,NA,NA,1.6154502630233765,0.22742335498332977,NA,0.34199999999999997,0.3722318112850189,Europe,826,67886.00399999999
United States,2017,6.991759300231934,10.899868965148926,0.9210028648376465,69.77091979980469,0.8684967160224915,0.1816573590040207,0.6811912655830383,0.8265553116798401,0.26826906204223633,0.38653501868247986,NA,NA,1.880687952041626,0.26898637413978577,NA,0.40679999999999994,0.6108043789863586,Americas,840,331002.647
Uruguay,2017,6.336009979248047,9.917771339416504,0.9138016700744629,68.38036346435547,0.8978516459465027,-0.10476215183734894,0.6265819668769836,0.8358612656593323,0.2803233563899994,0.4130321145057678,NA,NA,2.2885987758636475,0.3612050414085388,NA,0.4426,0.39990392327308655,Americas,858,3473.727
Uzbekistan,2017,6.42144775390625,8.762778282165527,0.9421311020851135,63.16617965698242,0.985177755355835,0.11402945965528488,0.46464160084724426,0.8389890789985657,0.202737495303154,0.9646904468536377,NA,NA,2.3676888942718506,0.36871573328971863,NA,0.34800000000000003,0.44598615169525146,Asia,860,33469.199
Vietnam,2017,5.175278663635254,8.742654800415039,NA,66.24576568603516,NA,NA,NA,NA,NA,NA,NA,NA,1.7508360147476196,0.33830758929252625,NA,0.3642857142857143,0.46643006801605225,Asia,704,97338.58300000001
Yemen,2017,3.2535600662231445,NA,0.789555013179779,54.98103332519531,0.5951907634735107,NA,NA,0.45518189668655396,0.2950635850429535,0.2477869838476181,NA,NA,2.178544044494629,0.6695877909660339,NA,0.35700000000000004,0.3745218813419342,Asia,887,29825.968000000004
Zambia,2017,3.9327774047851562,8.211669921875,0.7437539100646973,53.80378341674805,0.8231685757637024,0.1298215240240097,0.7395406365394592,0.6846233010292053,0.3871888816356659,0.7170040607452393,NA,NA,2.650283098220825,0.6738960146903992,NA,0.5274,0.6127992272377014,Africa,894,18383.956000000006
Zimbabwe,2017,3.6383001804351807,7.538187026977539,0.7541470527648926,52.67448425292969,0.7528260946273804,-0.0660046860575676,0.7512080073356628,0.8064283728599548,0.2240513414144516,0.6826466917991638,NA,NA,2.6568479537963867,0.7302442789077759,NA,0.43200000000000005,0.581483781337738,Africa,716,14862.927000000003
